Codelijst,Code,Documentatie,Mutatiedatum,Mutatie,Ingangsdatum,Expiratiedatum
COD032: Land,COD032: Land,Identificatie van een (historisch/actueel) land of gebiedsdeel.,,,,
COD032: Land,AD,ANDORRA,,niet gespecificeerd,,
COD032: Land,AE,VERENIGDE ARABISCHE EMIRATEN,,niet gespecificeerd,,
COD032: Land,AF,AFGHANISTAN,,niet gespecificeerd,,
COD032: Land,AG,ANTIGUA EN BARBUDA,,niet gespecificeerd,,
COD032: Land,AI,ANGUILA,,niet gespecificeerd,,
COD032: Land,AL,ALBANIE,,niet gespecificeerd,,
COD032: Land,AM,ARMENIE,,niet gespecificeerd,,
COD032: Land,AO,ANGOLA,,niet gespecificeerd,,
COD032: Land,AQ,ANTARTICA,,niet gespecificeerd,,
COD032: Land,AR,ARGENTINIE,,niet gespecificeerd,,
COD032: Land,AS,AMERIKAANS-SAMOA,,niet gespecificeerd,,
COD032: Land,AT,OOSTENRIJK,,niet gespecificeerd,,
COD032: Land,AU,AUSTRALIE,,niet gespecificeerd,,
COD032: Land,AW,ARUBA,,niet gespecificeerd,,
COD032: Land,AX,ÅLANDSEILANDEN,,niet gespecificeerd,,
COD032: Land,AZ,AZERBEIDZJAN,,niet gespecificeerd,,
COD032: Land,BA,BOSNIE EN HERZEGOVINA,,niet gespecificeerd,,
COD032: Land,BB,BARBADOS,,niet gespecificeerd,,
COD032: Land,BD,BANGLADESH,,niet gespecificeerd,,
COD032: Land,BE,BELGIE,,niet gespecificeerd,,
COD032: Land,BF,BURKINA FASO,,niet gespecificeerd,,
COD032: Land,BG,BULGARIJE,,niet gespecificeerd,,
COD032: Land,BH,BAHREIN,,niet gespecificeerd,,
COD032: Land,BI,BURUNDI,,niet gespecificeerd,,
COD032: Land,BJ,BENIN,,niet gespecificeerd,,
COD032: Land,BL,SAINT BARTHÉLEMY,,niet gespecificeerd,,
COD032: Land,BM,BERMUDA,,niet gespecificeerd,,
COD032: Land,BN,BRUNEI,,niet gespecificeerd,,
COD032: Land,BO,BOLIVIA,,niet gespecificeerd,,
COD032: Land,BQ,"BONAIRE, SINT EUSTATIUS en SABA",,niet gespecificeerd,,
COD032: Land,BR,BRAZILIE,,niet gespecificeerd,,
COD032: Land,BS,BAHAMA'S,,niet gespecificeerd,,
COD032: Land,BT,BHUTAN,,niet gespecificeerd,,
COD032: Land,BV,BOUVET,,niet gespecificeerd,,
COD032: Land,BW,BOTSWANA,,niet gespecificeerd,,
COD032: Land,BY,WIT-RUSLAND,,niet gespecificeerd,,
COD032: Land,BZ,BELIZE,,niet gespecificeerd,,
COD032: Land,CA,CANADA,,niet gespecificeerd,,
COD032: Land,CC,COCOSEILANDEN,,niet gespecificeerd,,
COD032: Land,CD,CONGO-KINSHASA,,niet gespecificeerd,,
COD032: Land,CF,CENTRAAL-AFRIKAANSE REPUBLIEK,,niet gespecificeerd,,
COD032: Land,CG,CONGO-BRAZZAVILLE,,niet gespecificeerd,,
COD032: Land,CH,ZWITSERLAND,,niet gespecificeerd,,
COD032: Land,CI,IVOORKUST,,niet gespecificeerd,,
COD032: Land,CK,COOKEILANDEN,,niet gespecificeerd,,
COD032: Land,CL,CHILI,,niet gespecificeerd,,
COD032: Land,CM,KAMEROEN,,niet gespecificeerd,,
COD032: Land,CN,CHINA,,niet gespecificeerd,,
COD032: Land,CO,COLOMBIA,,niet gespecificeerd,,
COD032: Land,CR,COSTA RICA,,niet gespecificeerd,,
COD032: Land,CU,CUBA,,niet gespecificeerd,,
COD032: Land,CV,KAAPVERDIE,,niet gespecificeerd,,
COD032: Land,CW,CURAÇAO,,niet gespecificeerd,,
COD032: Land,CX,CHRISTMASEILAND,,niet gespecificeerd,,
COD032: Land,CY,CYPRUS,,niet gespecificeerd,,
COD032: Land,CZ,TSJECHIE,,niet gespecificeerd,,
COD032: Land,DE,DUITSLAND,,niet gespecificeerd,,
COD032: Land,DJ,DJIBOUTI,,niet gespecificeerd,,
COD032: Land,DK,DENEMARKEN,,niet gespecificeerd,,
COD032: Land,DM,DOMINICA,,niet gespecificeerd,,
COD032: Land,DO,DOMINICAANSE REPUBLIEK,,niet gespecificeerd,,
COD032: Land,DZ,ALGERIJE,,niet gespecificeerd,,
COD032: Land,EC,ECUADOR,,niet gespecificeerd,,
COD032: Land,EE,ESTLAND,,niet gespecificeerd,,
COD032: Land,EG,EGYPTE,,niet gespecificeerd,,
COD032: Land,EH,WESTELIJKE SAHARA,,niet gespecificeerd,,
COD032: Land,ER,ERITREA,,niet gespecificeerd,,
COD032: Land,ES,SPANJE,,niet gespecificeerd,,
COD032: Land,ET,ETHIOPIE,,niet gespecificeerd,,
COD032: Land,FI,FINLAND,,niet gespecificeerd,,
COD032: Land,FJ,FIJI,,niet gespecificeerd,,
COD032: Land,FK,FALKLANDEILANDEN,,niet gespecificeerd,,
COD032: Land,FM,MICRONESIA,,niet gespecificeerd,,
COD032: Land,FO,FAERÖER,,niet gespecificeerd,,
COD032: Land,FR,FRANKRIJK,,niet gespecificeerd,,
COD032: Land,GA,GABON,,niet gespecificeerd,,
COD032: Land,GB,VERENIGD KONINKRIJK,,niet gespecificeerd,,
COD032: Land,GD,GRENADA,,niet gespecificeerd,,
COD032: Land,GE,GEORGIE,,niet gespecificeerd,,
COD032: Land,GF,FRANS-GUYANA,,niet gespecificeerd,,
COD032: Land,GG,GUERNSEY,,niet gespecificeerd,,
COD032: Land,GH,GHANA,,niet gespecificeerd,,
COD032: Land,GI,GIBRALTAR,,niet gespecificeerd,,
COD032: Land,GL,GROENLAND,,niet gespecificeerd,,
COD032: Land,GM,GAMBIA,,niet gespecificeerd,,
COD032: Land,GN,GUINEA,,niet gespecificeerd,,
COD032: Land,GP,GUADELOUPE,,niet gespecificeerd,,
COD032: Land,GQ,EQUATORIAAL-GUINEA,,niet gespecificeerd,,
COD032: Land,GR,GRIEKENLAND,,niet gespecificeerd,,
COD032: Land,GS,ZUID-GEORGIE EN DE ZUIDELIJKE SANDWICHEILANDEN,,niet gespecificeerd,,
COD032: Land,GT,GUATEMALA,,niet gespecificeerd,,
COD032: Land,GU,GUAM,,niet gespecificeerd,,
COD032: Land,GW,GUINEE-BISSAU,,niet gespecificeerd,,
COD032: Land,GY,GUYANA,,niet gespecificeerd,,
COD032: Land,HK,HONGKONG,,niet gespecificeerd,,
COD032: Land,HM,HEARD EN MCDONALDEILANDEN,,niet gespecificeerd,,
COD032: Land,HN,HONDURAS,,niet gespecificeerd,,
COD032: Land,HR,KROATIE,,niet gespecificeerd,,
COD032: Land,HT,HAÏTI,,niet gespecificeerd,,
COD032: Land,HU,HONGARIJE,,niet gespecificeerd,,
COD032: Land,ID,INDONESIE,,niet gespecificeerd,,
COD032: Land,IE,IERLAND,,niet gespecificeerd,,
COD032: Land,IL,ISRAEL,,niet gespecificeerd,,
COD032: Land,IM,ISLE OF MAN,,niet gespecificeerd,,
COD032: Land,IN,INDIA,,niet gespecificeerd,,
COD032: Land,IO,BRITS TERRITORIUM IN DE INDISCHE OCEAAN,,niet gespecificeerd,,
COD032: Land,IQ,IRAK,,niet gespecificeerd,,
COD032: Land,IR,IRAN,,niet gespecificeerd,,
COD032: Land,IS,IJSLAND,,niet gespecificeerd,,
COD032: Land,IT,ITALIE,,niet gespecificeerd,,
COD032: Land,JE,JERSEY,,niet gespecificeerd,,
COD032: Land,JM,JAMAICA,,niet gespecificeerd,,
COD032: Land,JO,JORDANIE,,niet gespecificeerd,,
COD032: Land,JP,JAPAN,,niet gespecificeerd,,
COD032: Land,KE,KENIA,,niet gespecificeerd,,
COD032: Land,KG,KIRGIZIE,,niet gespecificeerd,,
COD032: Land,KH,CAMBODJA,,niet gespecificeerd,,
COD032: Land,KI,KIRIBATI,,niet gespecificeerd,,
COD032: Land,KM,COMOREN,,niet gespecificeerd,,
COD032: Land,KN,SAINT KITTS EN NEVIS,,niet gespecificeerd,,
COD032: Land,KP,NOORD-KOREA,,niet gespecificeerd,,
COD032: Land,KR,ZUID-KOREA,,niet gespecificeerd,,
COD032: Land,KW,KOEWEIT,,niet gespecificeerd,,
COD032: Land,KY,CAYMANEILANDEN,,niet gespecificeerd,,
COD032: Land,KZ,KAZACHSTAN,,niet gespecificeerd,,
COD032: Land,LA,LAOS,,niet gespecificeerd,,
COD032: Land,LB,LIBANON,,niet gespecificeerd,,
COD032: Land,LC,SAINT LUCIA,,niet gespecificeerd,,
COD032: Land,LI,LIECHTENSTEIN,,niet gespecificeerd,,
COD032: Land,LK,SRI LANKA,,niet gespecificeerd,,
COD032: Land,LR,LIBERIA,,niet gespecificeerd,,
COD032: Land,LS,LESOTHO,,niet gespecificeerd,,
COD032: Land,LT,LITOUWEN,,niet gespecificeerd,,
COD032: Land,LU,LUXEMBURG,,niet gespecificeerd,,
COD032: Land,LV,LETLAND,,niet gespecificeerd,,
COD032: Land,LY,LIBIE,,niet gespecificeerd,,
COD032: Land,MA,MAROKKO,,niet gespecificeerd,,
COD032: Land,MC,MONACO,,niet gespecificeerd,,
COD032: Land,MD,MOLDAVIE,,niet gespecificeerd,,
COD032: Land,ME,MONTENEGRO,,niet gespecificeerd,,
COD032: Land,MF,SAINT MARTIN,,niet gespecificeerd,,
COD032: Land,MG,MADAGASKAR,,niet gespecificeerd,,
COD032: Land,MH,MARSHALLEILANDEN,,niet gespecificeerd,,
COD032: Land,MK,MACEDONIE,,niet gespecificeerd,,
COD032: Land,ML,MALI,,niet gespecificeerd,,
COD032: Land,MM,MYANMAR,,niet gespecificeerd,,
COD032: Land,MN,MONGOLIE,,niet gespecificeerd,,
COD032: Land,MO,MACAU,,niet gespecificeerd,,
COD032: Land,MP,NOORDELIJKE MARIANEN,,niet gespecificeerd,,
COD032: Land,MQ,MARTINIQUE,,niet gespecificeerd,,
COD032: Land,MR,MAURITANIE,,niet gespecificeerd,,
COD032: Land,MS,MONTSERRAT,,niet gespecificeerd,,
COD032: Land,MT,MALTA,,niet gespecificeerd,,
COD032: Land,MU,MAURITIUS,,niet gespecificeerd,,
COD032: Land,MV,MALDIVEN,,niet gespecificeerd,,
COD032: Land,MW,MALAWI,,niet gespecificeerd,,
COD032: Land,MX,MEXICO,,niet gespecificeerd,,
COD032: Land,MY,MALEISIE,,niet gespecificeerd,,
COD032: Land,MZ,MOZAMBIQUE,,niet gespecificeerd,,
COD032: Land,NA,NAMIBIE,,niet gespecificeerd,,
COD032: Land,NC,NIEUW-CALEDONIE,,niet gespecificeerd,,
COD032: Land,NE,NIGER,,niet gespecificeerd,,
COD032: Land,NF,NORFOLK,,niet gespecificeerd,,
COD032: Land,NG,NIGERIA,,niet gespecificeerd,,
COD032: Land,NI,NICARAGUA,,niet gespecificeerd,,
COD032: Land,NL,NEDERLAND,,niet gespecificeerd,,
COD032: Land,NO,NOORWEGEN,,niet gespecificeerd,,
COD032: Land,NP,NEPAL,,niet gespecificeerd,,
COD032: Land,NR,NAURU,,niet gespecificeerd,,
COD032: Land,NU,NIUE,,niet gespecificeerd,,
COD032: Land,NZ,NIEUW-ZEELAND,,niet gespecificeerd,,
COD032: Land,OM,OMAN,,niet gespecificeerd,,
COD032: Land,PA,PANAMA,,niet gespecificeerd,,
COD032: Land,PE,PERU,,niet gespecificeerd,,
COD032: Land,PF,FRANS-POLYNESIE,,niet gespecificeerd,,
COD032: Land,PG,PAPOEA-NIEUW-GUINEA,,niet gespecificeerd,,
COD032: Land,PH,FILIPIJNEN,,niet gespecificeerd,,
COD032: Land,PK,PAKISTAN,,niet gespecificeerd,,
COD032: Land,PL,POLEN,,niet gespecificeerd,,
COD032: Land,PM,SAINT-PIERRE EN MIQUELON,,niet gespecificeerd,,
COD032: Land,PN,PITCAIRNEILANDEN,,niet gespecificeerd,,
COD032: Land,PR,PUERTO RICO,,niet gespecificeerd,,
COD032: Land,PS,PALESTIJNSE AUTORITEIT,,niet gespecificeerd,,
COD032: Land,PT,PORTUGAL,,niet gespecificeerd,,
COD032: Land,PW,PALAU,,niet gespecificeerd,,
COD032: Land,PY,PARAGUAY,,niet gespecificeerd,,
COD032: Land,QA,QATAR,,niet gespecificeerd,,
COD032: Land,RE,RÉUNION,,niet gespecificeerd,,
COD032: Land,RO,ROEMENIE,,niet gespecificeerd,,
COD032: Land,RS,SERVIE,,niet gespecificeerd,,
COD032: Land,RU,RUSLAND,,niet gespecificeerd,,
COD032: Land,RW,RWANDA,,niet gespecificeerd,,
COD032: Land,SA,SAOEDI-ARABIE,,niet gespecificeerd,,
COD032: Land,SB,SALOMONSEILANDEN,,niet gespecificeerd,,
COD032: Land,SC,SEYCHELLEN,,niet gespecificeerd,,
COD032: Land,SD,SOEDAN,,niet gespecificeerd,,
COD032: Land,SE,ZWEDEN,,niet gespecificeerd,,
COD032: Land,SG,SINGAPORE,,niet gespecificeerd,,
COD032: Land,SH,SINT-HELENA,,niet gespecificeerd,,
COD032: Land,SI,SLOVENIE,,niet gespecificeerd,,
COD032: Land,SJ,SPITSBERGEN EN JAN MAYEN,,niet gespecificeerd,,
COD032: Land,SK,SLOWAKIJE,,niet gespecificeerd,,
COD032: Land,SL,SIERRA LEONE,,niet gespecificeerd,,
COD032: Land,SM,SAN MARINO,,niet gespecificeerd,,
COD032: Land,SN,SENEGAL,,niet gespecificeerd,,
COD032: Land,SO,SOMALIE,,niet gespecificeerd,,
COD032: Land,SR,SURINAME,,niet gespecificeerd,,
COD032: Land,SS,ZUID SOEDAN,,niet gespecificeerd,,
COD032: Land,ST,SAO TOMÉ EN PRINCIPE,,niet gespecificeerd,,
COD032: Land,SV,EL SALVADOR,,niet gespecificeerd,,
COD032: Land,SX,SINT MAARTEN (Nederlands deel),,niet gespecificeerd,,
COD032: Land,SY,SYRIE,,niet gespecificeerd,,
COD032: Land,SZ,SWAZILAND,,niet gespecificeerd,,
COD032: Land,TC,TURKS- EN CAICOSEILANDEN,,niet gespecificeerd,,
COD032: Land,TD,TSJAAD,,niet gespecificeerd,,
COD032: Land,TF,FRANSE ZUIDELIJKE EN ANTARCTISCHE GEBIEDEN,,niet gespecificeerd,,
COD032: Land,TG,TOGO,,niet gespecificeerd,,
COD032: Land,TH,THAILAND,,niet gespecificeerd,,
COD032: Land,TJ,TADZJIKISTAN,,niet gespecificeerd,,
COD032: Land,TK,TOKELAU,,niet gespecificeerd,,
COD032: Land,TL,OOST-TIMOR,,niet gespecificeerd,,
COD032: Land,TM,TURKMENISTAN,,niet gespecificeerd,,
COD032: Land,TN,TUNESIE,,niet gespecificeerd,,
COD032: Land,TO,TONGA,,niet gespecificeerd,,
COD032: Land,TR,TURKIJE,,niet gespecificeerd,,
COD032: Land,TT,TRINIDAD EN TOBAGO,,niet gespecificeerd,,
COD032: Land,TV,TUVALU,,niet gespecificeerd,,
COD032: Land,TW,TAIWAN,,niet gespecificeerd,,
COD032: Land,TZ,TANZANIA,,niet gespecificeerd,,
COD032: Land,UA,OEKRAINE,,niet gespecificeerd,,
COD032: Land,UG,OEGANDA,,niet gespecificeerd,,
COD032: Land,UM,KLEINE PACIFISCHE EILANDEN VAN DE VERENIGDE STATEN,,niet gespecificeerd,,
COD032: Land,US,VERENIGDE STATEN,,niet gespecificeerd,,
COD032: Land,UY,URUGUAY,,niet gespecificeerd,,
COD032: Land,UZ,OEZBEKISTAN,,niet gespecificeerd,,
COD032: Land,VA,VATICAANSTAD,,niet gespecificeerd,,
COD032: Land,VC,SAINT VINCENT EN DE GRENADINES,,niet gespecificeerd,,
COD032: Land,VE,VENEZUELA,,niet gespecificeerd,,
COD032: Land,VG,BRITSE MAAGDENEILANDEN,,niet gespecificeerd,,
COD032: Land,VI,AMERIKAANSE MAAGDENEILANDEN,,niet gespecificeerd,,
COD032: Land,VN,VIETNAM,,niet gespecificeerd,,
COD032: Land,VU,VANUATU,,niet gespecificeerd,,
COD032: Land,WF,WALLIS EN FUTUNA,,niet gespecificeerd,,
COD032: Land,WS,SAMOA,,niet gespecificeerd,,
COD032: Land,YE,JEMEN,,niet gespecificeerd,,
COD032: Land,YT,MAYOTTE,,niet gespecificeerd,,
COD032: Land,ZA,ZUID-AFRIKA,,niet gespecificeerd,,
COD032: Land,ZM,ZAMBIA,,niet gespecificeerd,,
COD032: Land,ZW,ZIMBABWE,,niet gespecificeerd,,
COD043: Indicatie debet/credit,COD043: Indicatie debet/credit,Gecodeerde aanduiding voor debet of credit.,,,,
COD043: Indicatie debet/credit,C,Creditbedrag en aantal,01-07-2017,toegevoegd,01-04-2018,
COD043: Indicatie debet/credit,D,Debetbedrag en aantal,01-07-2017,toegevoegd,01-04-2018,
COD046: Geslacht,COD046: Geslacht,Unieke aanduiding van de sexe van een persoon.,,,,
COD046: Geslacht,0,Onbekend,,niet gespecificeerd,,
COD046: Geslacht,1,Mannelijk,,niet gespecificeerd,,
COD046: Geslacht,2,Vrouwelijk,,niet gespecificeerd,,
COD170: Datumgebruik,COD170: Datumgebruik,Codering om aan te geven welk deel van een datum onbekend is.,,,,
COD170: Datumgebruik,1,dag onbekend; alleen maand en jaar gebruiken,,niet gespecificeerd,,
COD170: Datumgebruik,2,dag en maand onbekend; alleen jaar gebruiken,,niet gespecificeerd,,
COD170: Datumgebruik,3,"dag, maand en jaar onbekend; onbekende datum",,niet gespecificeerd,,
COD260: Ja of nee,COD260: Ja of nee,Codering voor ja of nee.,,,,
COD260: Ja of nee,1,Ja,,niet gespecificeerd,,
COD260: Ja of nee,2,Nee,,niet gespecificeerd,,
COD327: Code verwijzer,COD327: Code verwijzer,Aanduiding van de aard van de (zelf)verwijzer.,,,,
COD327: Code verwijzer,1,Gemeente,,niet gespecificeerd,,
COD327: Code verwijzer,2,Huisarts,,niet gespecificeerd,,
COD327: Code verwijzer,3,Jeugdarts,,niet gespecificeerd,,
COD327: Code verwijzer,4,Gecertificeerde instelling,,niet gespecificeerd,,
COD327: Code verwijzer,5,Medisch specialist,,niet gespecificeerd,,
COD327: Code verwijzer,6,Zelfverwijzer/geen verwijzer,,niet gespecificeerd,,
COD327: Code verwijzer,8,"Rechter, Officier van Justitie, functionaris Justitiële jeugdinrichting",01-07-2019,gewijzigd,,
COD467: Status aanlevering,COD467: Status aanlevering,Indicatie over de status van de informatie in de berichtklasse.,,,,
COD467: Status aanlevering,1,Eerste aanlevering,,niet gespecificeerd,,
COD467: Status aanlevering,2,Gewijzigde aanlevering,,niet gespecificeerd,,
COD467: Status aanlevering,3,Verwijderen aanlevering,,niet gespecificeerd,,
COD467: Status aanlevering,9,Niet van toepassing (ongewijzigd),,niet gespecificeerd,,
COD472: Soort relatie,COD472: Soort relatie,De soort relatie die een persoon ten opzichte van de client heeft.,,,,
COD472: Soort relatie,3,Curator (juridisch),,niet gespecificeerd,,
COD472: Soort relatie,4,Financieel (gemachtigd),,niet gespecificeerd,,
COD472: Soort relatie,5,Financieel (toetsing),,niet gespecificeerd,,
COD472: Soort relatie,6,Leefeenheid,,niet gespecificeerd,,
COD472: Soort relatie,7,Hulpverlener,,niet gespecificeerd,,
COD472: Soort relatie,8,Specialist,,niet gespecificeerd,,
COD472: Soort relatie,9,Anders,,niet gespecificeerd,,
COD472: Soort relatie,10,Ouder,,niet gespecificeerd,,
COD472: Soort relatie,11,Voogd,,niet gespecificeerd,,
COD472: Soort relatie,12,Partner/echtgeno(o)t(e),,niet gespecificeerd,,
COD472: Soort relatie,13,Pleegouder,,niet gespecificeerd,,
COD472: Soort relatie,14,Bewindvoerder,,niet gespecificeerd,,
COD472: Soort relatie,15,Mentor,,niet gespecificeerd,,
COD472: Soort relatie,16,Zoon/dochter,,niet gespecificeerd,,
COD472: Soort relatie,17,Familielid,,niet gespecificeerd,,
COD472: Soort relatie,18,Gezinslid,,niet gespecificeerd,,
COD472: Soort relatie,19,Buur,,niet gespecificeerd,,
COD472: Soort relatie,20,Vriend(in)/kennis,,niet gespecificeerd,,
COD472: Soort relatie,21,Clientondersteuner,,niet gespecificeerd,,
COD472: Soort relatie,22,Huisarts,,niet gespecificeerd,,
COD472: Soort relatie,23,Erven van,,niet gespecificeerd,,
COD472: Soort relatie,24,Werkgever,,niet gespecificeerd,,
COD472: Soort relatie,25,Wijkcoach,,niet gespecificeerd,,
COD700: Naamgebruik,COD700: Naamgebruik,Aanduiding naamgebruik (gecodeerd).,,,,
COD700: Naamgebruik,1,Eigen naam,,niet gespecificeerd,,
COD700: Naamgebruik,2,Naam echtgenoot of geregistreerd partner of alternatieve naam,,niet gespecificeerd,,
COD700: Naamgebruik,3,Naam echtgenoot of geregistreerd partner gevolgd door eigen naam,,niet gespecificeerd,,
COD700: Naamgebruik,4,Eigen naam gevolgd door naam echtgenoot of geregistreerd partner,,niet gespecificeerd,,
COD700: Naamgebruik,5,Pseudoniem,,niet gespecificeerd,,
COD700: Naamgebruik,6,Niet-natuurlijk persoon,,niet gespecificeerd,,
COD747: Communicatievorm,COD747: Communicatievorm,Gecodeerde aanduiding van de bijzondere vorm van communicatie die gebruikt dient te worden.,,,,
COD747: Communicatievorm,1,Tolk taal,,niet gespecificeerd,,
COD747: Communicatievorm,2,Doventolk,,niet gespecificeerd,,
COD747: Communicatievorm,3,Doofblindentolk,,niet gespecificeerd,,
COD757: Soort adres,COD757: Soort adres,Nadere typering van het adres.,,,,
COD757: Soort adres,1,BRP-adres,01-07-2017,gewijzigd,,
COD757: Soort adres,2,Correspondentie-adres,,niet gespecificeerd,,
COD757: Soort adres,3,Verblijfadres,,niet gespecificeerd,,
COD757: Soort adres,4,Tijdelijk verblijfadres,,niet gespecificeerd,,
JZ002: Reden wijziging toewijzing,JZ002: Reden wijziging toewijzing,De reden waarom een toewijzing wordt gewijzigd.,,,,
JZ002: Reden wijziging toewijzing,1,Administratieve correctie (vervallen),30-09-2021,gewijzigd,,
JZ002: Reden wijziging toewijzing,2,Client overleden,,niet gespecificeerd,,
JZ002: Reden wijziging toewijzing,3,Contractwijziging,,niet gespecificeerd,,
JZ002: Reden wijziging toewijzing,4,Herbeoordeling: verlenging toewijzing,,niet gespecificeerd,,
JZ002: Reden wijziging toewijzing,5,Herbeoordeling: verkorting toewijzing,,niet gespecificeerd,,
JZ002: Reden wijziging toewijzing,6,Uitstroom naar ander domein,,niet gespecificeerd,,
JZ002: Reden wijziging toewijzing,7,Verhuizing naar een andere gemeente,,niet gespecificeerd,,
JZ002: Reden wijziging toewijzing,8,Wijziging leveringsvorm,,niet gespecificeerd,,
JZ002: Reden wijziging toewijzing,9,Overstap naar andere aanbieder,,niet gespecificeerd,,
JZ002: Reden wijziging toewijzing,10,Overgang naar nieuwe bekostigingssystematiek,03-04-2017,toegevoegd,01-10-2017,
JZ002: Reden wijziging toewijzing,11,Gemeentelijke herindeling,01-07-2017,toegevoegd,01-04-2018,
JZ002: Reden wijziging toewijzing,12,Geinitieerd door de aanbieder,01-04-2020,toegevoegd,01-01-2021,
JZ002: Reden wijziging toewijzing,13,Verwijderd,30-09-2021,toegevoegd,01-04-2022,
JZ002: Reden wijziging toewijzing,14,"Administratieve correctie ",30-09-2021,toegevoegd,01-04-2022,
JZ020: Productcategorie,JZ020: Productcategorie,"Gecodeerde aanduiding van een (reeks van) productcategorie(en) in functionele termen die losgekoppeld is van een bepaalde leverancier, waarbij wordt beschreven wat de inhoud en aard van de productcategorie is in termen van hulpverlening (wonen, zorg en welzijn).",,,,
JZ020: Productcategorie,31,(2015) Zonder verblijf: uitgevoerd door wijk- of buurtteam,,niet gespecificeerd,,
JZ020: Productcategorie,32,(2015) Zonder verblijf: ambulante jeugdhulp op locatie van de aanbieder,,niet gespecificeerd,,
JZ020: Productcategorie,33,(2015) Zonder verblijf: daghulp op locatie van de aanbieder,,niet gespecificeerd,,
JZ020: Productcategorie,34,(2015) Zonder verblijf: jeugdhulp in het netwerk van de jeugdige,,niet gespecificeerd,,
JZ020: Productcategorie,35,(2015) Met verblijf: pleegzorg,,niet gespecificeerd,,
JZ020: Productcategorie,36,(2015) Met verblijf: gezinsgericht,,niet gespecificeerd,,
JZ020: Productcategorie,37,(2015) Met verblijf: gesloten plaatsing,,niet gespecificeerd,,
JZ020: Productcategorie,38,(2015) Met verblijf: overig residentieel,,niet gespecificeerd,,
JZ020: Productcategorie,40,Persoonlijke verzorging,,niet gespecificeerd,,
JZ020: Productcategorie,41,Dagbehandeling,,niet gespecificeerd,,
JZ020: Productcategorie,42,Vervoerdiensten,,niet gespecificeerd,,
JZ020: Productcategorie,43,Jeugdhulp verblijf (incl. behandeling),,niet gespecificeerd,,
JZ020: Productcategorie,44,Jeugdhulp verblijf (excl. behandeling),,niet gespecificeerd,,
JZ020: Productcategorie,45,Jeugdhulp ambulant,,niet gespecificeerd,,
JZ020: Productcategorie,46,Jeugdhulp crisis,,niet gespecificeerd,,
JZ020: Productcategorie,47,Jeugdreclassering,,niet gespecificeerd,,
JZ020: Productcategorie,48,Jeugdbescherming,,niet gespecificeerd,,
JZ020: Productcategorie,49,Activiteiten in het preventief justitieel kader,,niet gespecificeerd,,
JZ020: Productcategorie,50,Maatwerkarrangementen jeugd,,niet gespecificeerd,,
JZ020: Productcategorie,51,Generalistische basis-ggz,,niet gespecificeerd,,
JZ020: Productcategorie,52,Specialistische ggz,,niet gespecificeerd,,
JZ020: Productcategorie,53,Kindergeneeskunde,,niet gespecificeerd,,
JZ020: Productcategorie,54,Jeugd-ggz,03-04-2017,toegevoegd,01-10-2017,
JZ020: Productcategorie,55,Landelijk ingekochte zorg,03-04-2017,toegevoegd,01-10-2017,
JZ588: Reden beeindiging,JZ588: Reden beeindiging,De reden van beeindiging van de Jeugdhulp bij een client.,,,,
JZ588: Reden beeindiging,2,Overlijden,,niet gespecificeerd,,
JZ588: Reden beeindiging,20,Levering is tijdelijk beeindigd.,,niet gespecificeerd,,
JZ588: Reden beeindiging,31,Levering is volgens plan beeindigd.,,niet gespecificeerd,,
JZ588: Reden beeindiging,32,Voortijdig afgesloten: eenzijdig door de client.,,niet gespecificeerd,,
JZ588: Reden beeindiging,33,Voortijdig afgesloten: eenzijdig door de aanbieder.,,niet gespecificeerd,,
JZ588: Reden beeindiging,34,Voortijdig afgesloten: in overeenstemming.,,niet gespecificeerd,,
JZ588: Reden beeindiging,35,Voortijdig afgesloten: wegens externe omstandigheden.,,niet gespecificeerd,,
JZ588: Reden beeindiging,36,Geinitieerd door de gemeente,01-04-2020,toegevoegd,01-01-2021,
JZ588: Reden beeindiging,37,In verband met wijzigingsverzoek,01-04-2020,toegevoegd,01-01-2021,
JZ588: Reden beeindiging,38,Overstap naar andere aanbieder,30-09-2021,toegevoegd,01-04-2022,
JZ588: Reden beeindiging,39,Uitstroom naar ander domein,30-09-2021,toegevoegd,01-04-2022,
NUM061: Aanduiding woonadres,NUM061: Aanduiding woonadres,De aanduiding die wordt gebruikt voor adressen die niet zijn voorzien van de gebruikelijke straatnaam en huisnummeraanduidingen.,,,,
NUM061: Aanduiding woonadres,AB,Aan boord,,niet gespecificeerd,,
NUM061: Aanduiding woonadres,BY,Bij,,niet gespecificeerd,,
NUM061: Aanduiding woonadres,TO,Tegenover,,niet gespecificeerd,,
NUM061: Aanduiding woonadres,WW,Woonwagen,,niet gespecificeerd,,
WJ001: Retourcode,WJ001: Retourcode,Melding in een retourbericht. Het betreft een code die in een retourbericht het resultaat van de beoordeling van een (deel van een) ontvangen bericht weergeeft.,,,,
WJ001: Retourcode,1,Bericht is afgekeurd om technische redenen.,,niet gespecificeerd,,
WJ001: Retourcode,200,Geen opmerking over deze berichtklasse.,,niet gespecificeerd,,
WJ001: Retourcode,233,Berichtklasse is niet beoordeeld.,,niet gespecificeerd,,
WJ001: Retourcode,611,Het ingediende tarief komt niet overeen met het contractuele tarief,01-07-2017,toegevoegd,01-04-2018,
WJ001: Retourcode,8001,Declaratie is volledig toegewezen.,01-07-2017,gewijzigd,,
WJ001: Retourcode,8017,Van deze credit prestatie is geen debet prestatie bekend.,01-07-2017,gewijzigd,01-01-2016,
WJ001: Retourcode,8021,Referentienummer prestatie is reeds aangeleverd.,01-07-2017,toegevoegd,01-04-2018,
WJ001: Retourcode,8187,De prestatie hoort niet bij deze client.,01-07-2017,toegevoegd,01-04-2018,
WJ001: Retourcode,8214,DeclaratiePeriode is niet de kalendermaand die volgt op voorgaande DeclaratiePeriode terwijl iedere declaratieperiode zorg geleverd is.,29-09-2022,gewijzigd,01-04-2018,
WJ001: Retourcode,8848,Dagtekening moet gelijk zijn aan of voor de systeemdatum liggen.,01-07-2017,gewijzigd,,
WJ001: Retourcode,9019,Het regie bericht kan niet gekoppeld worden aan een toewijzing.,01-07-2017,gewijzigd,,
WJ001: Retourcode,9056,Identificatie moet per berichtsoort uniek zijn voor de verzendende partij.,01-07-2017,gewijzigd,,
WJ001: Retourcode,9063,Het bericht kan niet verwerkt worden omdat geen eerder bericht ontvangen is.,01-07-2017,gewijzigd,,
WJ001: Retourcode,9069,Er is geen actueel startbericht met dezelfde sleutel.,01-07-2018,gewijzigd,,
WJ001: Retourcode,9071,Het eerdere start bericht kan niet verwijderd worden omdat de zorg al beeindigd is,01-07-2017,gewijzigd,,
WJ001: Retourcode,9074,Er is al een eerder bericht ontvangen met dezelfde sleutel.,01-07-2017,gewijzigd,,
WJ001: Retourcode,9307,Begindatum prestatie ligt niet tussen de ingangsdatum en einddatum toewijzing,01-07-2017,toegevoegd,01-04-2018,
WJ001: Retourcode,9308,Einddatum prestatie ligt niet tussen de ingangsdatum en einddatum toewijzing,01-07-2017,toegevoegd,01-04-2018,
WJ001: Retourcode,9319,De ProductPeriode valt niet geheel binnen een DeclaratiePeriode.,19-12-2017,toegevoegd,01-04-2018,
WJ001: Retourcode,9321,Het ingediende volume overschrijdt het toegewezen volume.,01-07-2017,toegevoegd,01-04-2018,
WJ001: Retourcode,9322,De som van de ingediende volumes overschrijdt het  toegewezen volume,01-07-2017,toegevoegd,01-04-2018,
WJ001: Retourcode,9326,De actuele levering is nog niet gestopt met een Stopbericht.,,niet gespecificeerd,,
WJ001: Retourcode,9332,Toewijzing heeft geen uniek nummer binnen wettelijk domein.,01-04-2020,toegevoegd,01-01-2021,
WJ001: Retourcode,9333,Declaratienummer is niet uniek,01-04-2020,toegevoegd,01-01-2021,
WJ001: Retourcode,9338,Niet iedere prestatie in een declaratiebericht is gerelateerd aan een toegewezen product op basis van het toewijzingnummer,01-04-2020,toegevoegd,01-01-2021,
WJ001: Retourcode,9339,ProductCategorie in de prestatie is niet gelijk aan ProductCategorie in het ToegewezenProduct.,01-04-2020,toegevoegd,01-01-2021,
WJ001: Retourcode,9340,ProductCode in de Prestatie is niet gelijk aan ProductCode in het ToegewezenProduct.,01-04-2020,toegevoegd,01-01-2021,
WJ001: Retourcode,9341,Eenheid in de Prestatie past niet bij Eenheid in het ToegewezenProduct,01-04-2020,toegevoegd,01-01-2021,
WJ001: Retourcode,9346,"Eenheid is ongelijk is aan waarde 83 (Euro's), maar IngediendBedrag is niet gelijk aan GeleverdVolume vermenigvuldigd met (het onafgeronde) ProductTarief.",01-04-2020,toegevoegd,01-01-2021,
WJ001: Retourcode,9347,ReferentieAanbieder is niet uniek voor de aanbieder binnen het wettelijk domein,01-04-2020,toegevoegd,01-01-2021,
WJ001: Retourcode,9349,"Het VOW bericht bevat niet alle actuele toegewezen producten van de cliënt, hetzij in OngewijzigdProduct, hetzij in TeWijzigenProduct",01-04-2020,toegevoegd,01-01-2021,
WJ001: Retourcode,9350,OngewijzigdProduct is niet gerelateerd aan een actueel toegewezen product op basis van het toewijzingnummer.,01-04-2020,toegevoegd,01-01-2021,
WJ001: Retourcode,9351,TeWijzigenProduct is niet gerelateerd aan een actuele toewijzing op basis van ToewijzingNummer.,01-04-2020,toegevoegd,01-01-2021,
WJ001: Retourcode,9355,ReferentieAanbieder in het antwoordbericht komt niet voor in een eerder verzoek om toewijzing of verzoek om wijziging,01-04-2020,toegevoegd,01-01-2021,
WJ001: Retourcode,9357,"GewensteIngangsdatum is kleiner dan of gelijk aan de dagtekening, maar niet gelijk aan de ingangsdatum van het originele ToegewezenProduct.",01-04-2020,toegevoegd,01-01-2021,
WJ001: Retourcode,9359,Er is al een toewijzing gestuurd met deze ReferentieAanbieder.,01-04-2020,toegevoegd,01-01-2021,
WJ001: Retourcode,9360,"Er is al een antwoordbericht met deze ReferentieAanbieder, terwijl antwoordbericht in VerzoekAntwoord waarde 2 (aanvraag in onderzoek) heeft.",29-09-2022,gewijzigd,01-01-2021,
WJ001: Retourcode,9361,Het product komt vaker voor met overlappende zorgperiodes.,01-07-2020,toegevoegd,01-01-2021,
WJ001: Retourcode,9365,Er is al een antwoordbericht met dezelfde ReferentieAanbieder waar VerzoekAntwoord niet de waarde 'Aanvraag in onderzoek' heeft.,29-09-2022,gewijzigd,01-01-2021,
WJ001: Retourcode,9366,ProductReferentie komt niet voor in een Declaratiebericht,01-04-2020,toegevoegd,01-01-2021,
WJ001: Retourcode,9367,De waarde komt niet overeen met de waarde uit heenbericht met gelijke ProductReferentie,01-04-2020,toegevoegd,01-01-2021,
WJ001: Retourcode,9369,"Budget is meegegeven, maar de som van GeleverdVolume in alle ingediende Prestaties passen niet binnen het toegewezen Budget.",01-04-2020,toegevoegd,01-01-2021,
WJ001: Retourcode,9373,"Budget is gewijzigd, maar GewensteIngangsdatum is niet gelijk aan die in de actuele toewijzing",01-04-2020,toegevoegd,01-01-2021,
WJ001: Retourcode,9374,Er is al een verzoek onderhanden.,01-04-2020,toegevoegd,01-01-2021,
WJ001: Retourcode,9375,"Omvang is gevuld, terwijl Product in toewijzing met ToewijzingNummer leeg is en Einddatum groter dan 31-12-2020 of leeg is",01-07-2020,toegevoegd,01-01-2021,
WJ001: Retourcode,9379,"ReferentieAanbieder refereert niet naar een verzoek om toewijzing of verzoek om wijziging, is onterecht gevuld",30-09-2021,toegevoegd,01-04-2022,
WJ001: Retourcode,9384,"Declaratie op toewijzing met RedenWijziging ""13"" (Verwijderd)",30-09-2021,toegevoegd,01-04-2022,
WJ001: Retourcode,9385,Toewijzing heeft goedgekeurde declaratieregels,30-09-2021,toegevoegd,01-04-2022,
WJ001: Retourcode,9387,Begindatum van de ProductPeriode is niet eerste dag van de kalendermaand waarop ProductPeriode betrekking heeft en Ingangsdatum van de toewijzing ligt niet later in deze betreffende maand,30-09-2021,toegevoegd,01-04-2022,
WJ001: Retourcode,9388,Einddatum van de ProductPeriode is niet laatste dag van de kalendermaand waarop ProductPeriode betrekking heeft en Einddatum van de toewijzing ligt niet eerder in deze betreffende maand.,30-09-2021,toegevoegd,01-04-2022,
WJ001: Retourcode,9389,Deze prestatie heeft een debetprestatie zonder bijbehorende creditprestatie,30-09-2021,toegevoegd,01-04-2022,
WJ001: Retourcode,9390,Er is al een Prestatie met gelijk ProductReferentie met waarde Credit,30-09-2021,toegevoegd,01-04-2022,
WJ001: Retourcode,9411,"Omvang is leeg, terwijl Code in Product bij de toewijzing met ToewijzingNummer gevuld is.",30-09-2021,toegevoegd,01-04-2022,
WJ001: Retourcode,9412,"Omvang is niet leeg, terwijl Code in Product bij de toewijzing met ToewijzingNummer leeg is en einddatum groter dan 31-12-2020 of leeg is",30-09-2021,toegevoegd,01-04-2022,
WJ001: Retourcode,9413,"StatusAanlevering is waarde 1 of 2 en RedenBeeindiging heeft waarde 20, terwijl er al een ander StopProduct met hetzelfde Bsn, ToewijzingNummer, Begindatum en RedenBeeindiging waarde 20 is.",29-09-2022,toegevoegd,01-04-2023,
WJ001: Retourcode,9414,"Einddatum is niet >= aan Einddatum uit actuele StopProduct met gelijk Bsn, ToewijzingNummer en Begindatum",29-09-2022,toegevoegd,01-04-2023,
WJ001: Retourcode,9415,"Er is al een StopProduct met gelijk Bsn, ToewijzingNummer, Begindatum en RedenBeeindiging <> waarde 20 en StatusAanlevering heeft waarde 1 of 2.",29-09-2022,toegevoegd,01-04-2023,
WJ001: Retourcode,S300,Gemeentecode komt niet voor in de lijst van CBS.,01-07-2017,gewijzigd,,
WJ001: Retourcode,S329,ProductCode hoort niet bij de ProductCategorie.,01-07-2018,toegevoegd,01-04-2019,
WJ003: Wettelijke vertegenwoordiging,WJ003: Wettelijke vertegenwoordiging,Wettelijke vertegenwoordiging die voor de client van toepassing is op het moment van beoordeling.,,,,
WJ003: Wettelijke vertegenwoordiging,6,Voogdij,,niet gespecificeerd,,
WJ003: Wettelijke vertegenwoordiging,7,Bewindvoering,,niet gespecificeerd,,
WJ003: Wettelijke vertegenwoordiging,8,Mentorschap,,niet gespecificeerd,,
WJ003: Wettelijke vertegenwoordiging,9,Onder curatele stelling,,niet gespecificeerd,,
WJ003: Wettelijke vertegenwoordiging,10,Zaakwaarneming,,niet gespecificeerd,,
WJ232: Juridische status,WJ232: Juridische status,Juridische situatie die voor de client van toepassing is op het moment van beoordeling.,,,,
WJ232: Juridische status,1,Rechterlijke machtiging (rm) voorlopig / voortgezette machtiging,,niet gespecificeerd,,
WJ232: Juridische status,2,RM op eigen verzoek,,niet gespecificeerd,,
WJ232: Juridische status,3,RM met voorwaardelijk ontslag,,niet gespecificeerd,,
WJ232: Juridische status,4,Onder toezichtstelling (ots),,niet gespecificeerd,,
WJ232: Juridische status,5,In bewaring stelling (ibs),,niet gespecificeerd,,
WJ232: Juridische status,11,Strafrechterlijke justitiele contacten: tbs,,niet gespecificeerd,,
WJ232: Juridische status,12,Strafrechterlijke justitiele contacten: overig,,niet gespecificeerd,,
WJ756: Eenheid,WJ756: Eenheid,"Gecodeerde aanduiding van de mate van zorg betreffende een product, uitgedrukt in een eenheid.",,,,
WJ756: Eenheid,1,Minuut,,niet gespecificeerd,,
WJ756: Eenheid,4,Uur,,niet gespecificeerd,,
WJ756: Eenheid,14,Etmaal,,niet gespecificeerd,,
WJ756: Eenheid,16,Dagdeel (4 uur),,niet gespecificeerd,,
WJ756: Eenheid,82,Stuks (output),01-04-2020,gewijzigd,01-01-2021,
WJ756: Eenheid,83,Euro's,,niet gespecificeerd,,
WJ756: Eenheid,84,Stuks (inspanning),01-04-2020,toegevoegd,01-01-2021,
WJ758: Reden verzoek,WJ758: Reden verzoek,Gecodeerde aanduiding voor de reden van een verzoek.,,,,
WJ758: Reden verzoek,1,Verandering clientsituatie,01-04-2020,toegevoegd,01-01-2021,
WJ758: Reden verzoek,2,Wijziging zorgplan,01-04-2020,toegevoegd,01-01-2021,
WJ759: Reden afwijzing verzoek,WJ759: Reden afwijzing verzoek,Gecodeerde aanduiding voor de reden van afwijzing van een verzoek.,,,,
WJ759: Reden afwijzing verzoek,1,"Geen wijziging, maar nieuwe aanvraag",01-04-2020,toegevoegd,01-01-2021,
WJ759: Reden afwijzing verzoek,2,Past niet binnen budget,01-04-2020,toegevoegd,01-01-2021,
WJ759: Reden afwijzing verzoek,3,Geen contract,01-04-2020,toegevoegd,01-01-2021,
WJ759: Reden afwijzing verzoek,4,Past niet binnen contract,01-04-2020,toegevoegd,01-01-2021,
WJ759: Reden afwijzing verzoek,5,Andere gemeente,01-04-2020,toegevoegd,01-01-2021,
WJ759: Reden afwijzing verzoek,6,Stapeling,01-04-2020,toegevoegd,01-01-2021,
WJ759: Reden afwijzing verzoek,7,Zorginhoudelijke afkeur,01-04-2020,toegevoegd,01-01-2021,
WJ759: Reden afwijzing verzoek,8,Woonplaatsbeginsel,01-04-2020,toegevoegd,01-01-2021,
WJ759: Reden afwijzing verzoek,9,Leeftijdsgrens is bereikt,01-04-2020,toegevoegd,01-01-2021,
WJ760: Verzoek antwoord,WJ760: Verzoek antwoord,Gecodeerde aanduiding voor het antwoord op een verzoek.,,,,
WJ760: Verzoek antwoord,1,Verzoek afgewezen,01-04-2020,toegevoegd,01-01-2021,
WJ760: Verzoek antwoord,2,Aanvraag in onderzoek,01-04-2020,toegevoegd,01-01-2021,
WMO757: Frequentie,WMO757: Frequentie,Frequentie van de te leveren of geleverde ondersteuning.,,,,
WMO757: Frequentie,1,Per dag,,niet gespecificeerd,,
WMO757: Frequentie,2,Per week,,niet gespecificeerd,,
WMO757: Frequentie,4,Per maand,,niet gespecificeerd,,
WMO757: Frequentie,6,Totaal binnen geldigheidsduur toewijzing,16-07-2018,gewijzigd,,